{
  "epochs": [
    1,
    2,
    3,
    4,
    5,
    6,
    7,
    8,
    9,
    10,
    11,
    12,
    13,
    14,
    15,
    16,
    17,
    18,
    19,
    20,
    21,
    22,
    23,
    24,
    25,
    26,
    27,
    28,
    29,
    30
  ],
  "val_accuracy": [
    0.8949999809265137,
    0.949999988079071,
    0.9175000190734863,
    0.9375,
    0.9449999928474426,
    0.9350000023841858,
    0.9300000071525574,
    0.9275000095367432,
    0.9275000095367432,
    0.9100000262260437,
    0.9300000071525574,
    0.9325000047683716,
    0.9474999904632568,
    0.9325000047683716,
    0.9399999976158142,
    0.9375,
    0.9474999904632568,
    0.9300000071525574,
    0.9424999952316284,
    0.949999988079071,
    0.9449999928474426,
    0.9474999904632568,
    0.9275000095367432,
    0.9474999904632568,
    0.9399999976158142,
    0.9474999904632568,
    0.9424999952316284,
    0.9474999904632568,
    0.9275000095367432,
    0.9424999952316284
  ]
}